video,carrosPorSegundo,totalDeCarros,tempoTotal
video_rodovia.mp4,2.928416485900217,45,15.366666666666667
video_rodovia2.mp4,1.3735770270298826,13,9.46434
